filename,description
fig_00_sanity_check.png,"Data sanity check: raw B-scan, working image, ROI, fused contours, final mask, overlay vs expert A."
fig_01_pipeline_overview.png,"Graphical abstract. All eight pipeline stages for one representative B-scan, ending with the clinical read-out panel."
fig_02_wave_maps.png,"The wave operator internals: potential energy map, the seawater/wave/coastline three-region map (mirrors Fig.2 of Lou 2020), kinetic energy, the sigma regulation factor, and the boundary after the correction equation."
fig_03_roi_extraction.png,"ROI extraction (mirrors Fig.3 of Liu 2021): the row-mean-gray curve against the whole-image mean, the resulting A and B cut lines, and the refined ILM/OBM band."
fig_04_directional_contours.png,"Omnidirectional operator (mirrors Fig.5 of Liu 2021): the contour found in each of the four sweep directions separately, their fusion, and the final result vs expert A."
fig_05_segmentation_gallery.png,"MAIN RESULT FIGURE. Final segmentation on eight B-scans spanning the range of fluid burden, with both expert tracings and per-scan Dice/precision/recall."
fig_06_roi_vs_expert_layers.png,"Validation of the ROI stage: our ILM and OBM traces against the expert layer annotations, with per-scan errors in pixels."
fig_07_direction_ablation.png,"Direction-count ablation, 4 vs 6 vs 8 (mirrors Table 2 / Fig.7 of Liu 2021) computed on our data: metrics and processing time."
fig_08_thickness_sensitivity.png,"Why the published cyst-size filter fails here: distribution of the 443 expert cyst thicknesses against the paper window and ours, plus the pipeline sensitivity curve."
fig_09_baseline_vs_modified.png,"OUR CONTRIBUTION FIGURE. Published pipeline vs our modified pipeline on the same four B-scans, side by side with the expert tracing."
fig_10_metrics_comparison.png,"Grouped bar chart: the paper reported numbers, our baseline re-implementation and our modified pipeline, across Dice/Precision/Recall/F1, plus processing speed."
fig_11_per_scan_dice.png,"Per-B-scan Dice for all 78 evaluable scans (sorted), and Dice against lesion size, showing that performance scales with lesion size."
fig_12_interobserver.png,"Inter-observer agreement between the two expert graders, the realistic ceiling for any automatic method, with our score marked for comparison."
fig_13_failure_gallery.png,"The four worst cases, shown honestly with both expert tracings, for the algorithmic-limitations discussion."
fig_14_preprocessing_effect.png,"Why CLAHE tile size matters: four tile settings with the resulting cyst/retina intensity separation, showing that an 8x8 tile is cyst-sized and flattens the contrast."
fig_15_severity_distribution.png,"Automatic severity grading across the 78 scans: grade counts, where the data-driven cut-offs sit, and area-based vs CST-based grading."
fig_16_severity_examples.png,"Example B-scans of each grade with the computed area/count/diameter/CST printed on the image, plus the written-out grading rule and its provenance."
fig_17_cyst_count_validation.png,"Our cyst count vs the graders own cyst IDs (the Duke masks number each cyst), and fluid-area agreement."
fig_18_false_positive_rate.png,"Robustness on healthy tissue: false-positive area on 120 B-scans with no expert-marked fluid, against the true-positive area distribution."
fig_21_protocol_sensitivity.png,"WHY OUR NUMBER DIFFERS FROM THE PAPER. The same unchanged segmentation output scored under nine evaluation protocols, against the 0.811 the paper reports. Shows that the gap is dominated by the evaluation yardstick rather than by the algorithm: under a lesion-local protocol with a 3 px boundary tolerance our masks give precision 0.888, matching the paper exactly."
fig_20_loso.png,"LEAVE-ONE-SUBJECT-OUT VALIDATION. Parameters re-tuned on nine subjects and scored on the tenth, rotating through all ten, against the optimistic number obtained by tuning and testing on everything. The gap between the two is how much the tuning flattered us."
fig_19_wave_operator_schematic.png,"Explanatory schematic of the wave operator for a non-specialist audience: the Z and Q templates drawn on a real patch of retina, the gray profile across a true cyst floor, the energy terms along the same A-scan, and the seawater/wave/coastline analogy written out."
