subject,bscan,diceA,precA,recA,f1A,accA,jacA,diceB,precB,recB,f1B,accB,jacB,areaPx,areaMm2,cystCount,meanDiamUm,cstUm,grade,timeSec
1,11,0,0,0,0,0.98967509163836,0,0,0,0,0,0.992726505076093,0,0,0,0,0,411.82577046549,none,0.7832039
1,16,0,0,0,0,0.922138683075131,0,0,0,0,0,0.893520962662249,0,1793,0.0795199086,1,318.194739465073,456.230345104334,moderate,0.4564674
1,21,0,0,0,0,0.970671106557377,0,0,0,0,0,0.952292520491803,0,943,0.0418222386,1,230.759025901197,233.256906672781,mild,0.3646323
1,26,0,0,0,0,0.955542860110624,0,0,0,0,0,0.909449739022047,0,0,0,0,0,181.088667736758,none,0.4110631
1,29,0,0,0,0,0.849405835873826,0,0,0,0,0,0.839824550488397,0,0,0,0,0,452.102552166934,none,0.4281431
1,31,0,0,0,0,0.718440575769219,0,0,0,0,0,0.842372831259421,0,0,0,0,0,564.948563402889,none,0.4326013
1,33,0.10893297335368,0.319449225473322,0.0656619259888205,0.10893297335368,0.762640317688628,0.0576039726877716,0.128232110643416,0.293631669535284,0.0820271179921146,0.128232110643416,0.818673587442544,0.068508553529837,2905,0.128837331,1,405.019486774814,491.286651022402,moderate,0.4979504
1,36,0,0,0,0,0.876726013050834,0,0,0,0,0,0.838217997260936,0,0,0,0,0,517.048772070626,none,0.4653751
1,41,0,0,0,0,0.995323144908857,0,0,0,0,0,0.994825998895231,0,0,0,0,0,427.222945425361,none,0.4772053
2,26,0,0,0,0,0.968266127717834,0,0,0,0,0,0.962936401864589,0,0,0,0,0,398.51992776886,none,0.459538
2,29,0,0,0,0,0.953548199203961,0,0,0,0,0,0.982703944600848,0,0,0,0,0,335.519060995185,none,0.4439716
2,31,0,0,0,0,0.954854188490521,0,0,0,0,0,0.945155949042003,0,0,0,0,0,314.13467094703,none,0.4412848
2,33,0,0,0,0,0.984207663278142,0,0,0,0,0,0.976948968143338,0,0,0,0,0,338.45727929374,none,0.5092578
2,41,0,0,0,0,0.9826356298104,0,0,0,0,0,0.998967523934672,0,0,0,0,0,467.227957463884,none,0.4398096
2,46,0,0,0,0,0.960866371726765,0,0,0,0,0,0.96365064994961,0,1446,0.0641303892,1,285.750498772437,424.165666131621,moderate,0.4243061
2,51,0.0438799076212471,0.0405982905982906,0.0477386934673367,0.0438799076212471,0.94347158218126,0.0224321133412042,0.0890944498539435,0.0977564102564103,0.0818425760286225,0.0890944498539435,0.936132445809865,0.0466242038216561,1872,0.0830235744,1,325.129048335183,387.680200642055,moderate,0.3980099
3,21,0.293791014639071,0.19220607661823,0.623126338329764,0.293791014639071,0.973356948332667,0.172189349112426,0.233164373642288,0.212681638044914,0.258012820512821,0.233164373642288,0.959664057590127,0.131967213114754,1514,0.0671462028,1,292.392203527671,425.439101123596,moderate,0.3867385
3,26,0.166807790008467,0.134654818865345,0.219132369299221,0.166807790008467,0.963465572614031,0.0909930715935335,0.427403659011288,0.375256322624744,0.496383363471971,0.427403659011288,0.972692000668313,0.271782178217822,1463,0.0648843426,1,287.425313485894,456.035706260032,moderate,0.4140832
3,29,0,0,0,0,0.967027016934595,0,0,0,0,0,0.973897944323083,0,0,0,0,0,411.831982343499,none,0.3948828
3,31,0,0,0,0,0.986933650093331,0,0,0,0,0,0.988743707223259,0,0,0,0,0,366.600192616372,none,0.5659905
3,33,0.45174209050861,0.382892057026477,0.55078125,0.45174209050861,0.974152254361453,0.291774443869633,0.287558264610972,0.272233536999321,0.304711246200608,0.287558264610972,0.96248395136319,0.167922948073702,1473,0.0653278446,1,288.40595541187,329.341348314607,moderate,0.4926538
4,12,0,0,0,0,0.972782434849707,0,0,0,0,0,0.968643681386132,0,0,0,0,0,418.574975922953,none,0.4044138
4,17,0,0,0,0,0.941877366790345,0,0,0,0,0,0.911678078261867,0,1451,0.0643521402,1,286.244108569908,451.056886035313,moderate,0.5063927
4,22,0.110994134456309,0.106217616580311,0.116220472440945,0.110994134456309,0.89541014933824,0.0587579617834395,0.0938150642988365,0.110247553252735,0.0816457045406097,0.0938150642988365,0.869081322103475,0.0492161398098175,3474,0.1540725948,3,253.815069669182,518.211374081271,moderate,0.4052539
4,25,0,0,0,0,0.900452048801828,0,0,0,0,0,0.846092775320404,0,0,0,0,0,578.33308988764,none,0.4040074
4,27,0,0,0,0,0.83541787712914,0,0,0,0,0,0.78442555273539,0,0,0,0,0,604.976352327448,none,0.46745
4,29,0,0,0,0,0.878199132074893,0,0,0,0,0,0.879655896830387,0,0,0,0,0,563.139353932584,none,0.4741748
4,32,0,0,0,0,0.95464833875791,0,0,0,0,0,0.937829398450278,0,0,0,0,0,355.504225521669,none,0.5317809
4,42,0,0,0,0,0.984323387170362,0,NaN,NaN,NaN,NaN,1,NaN,0,0,0,0,393.72746388443,none,0.512447
4,47,0,0,0,0,0.972874958368797,0,NaN,NaN,NaN,NaN,1,NaN,0,0,0,0,428.668587479936,none,0.4998181
5,9,0,0,0,0,0.991488112709128,0,NaN,NaN,NaN,NaN,1,NaN,0,0,0,0,415.925609951846,none,0.5168175
5,14,0,0,0,0,0.908786071255844,0,0,0,0,0,0.920022569724327,0,0,0,0,0,492.902166934189,none,0.6199886
5,19,0,0,0,0,0.895754431474276,0,0,0,0,0,0.893592736705577,0,0,0,0,0,308.960176565008,none,0.3984445
5,24,0,0,0,0,0.82580269020947,0,0,0,0,0,0.836838379211261,0,0,0,0,0,676.726131621188,none,0.4749669
5,27,0,0,0,0,0.826686617656626,0,0,0,0,0,0.798988354693904,0,0,0,0,0,381.44036918138,none,0.387815
5,29,0,0,0,0,0.843496736985886,0,0,0,0,0,0.802033692517833,0,0,0,0,0,387.229839486356,none,0.3995276
5,31,0,0,0,0,0.857870187885955,0,0,0,0,0,0.818814873209828,0,0,0,0,0,366.734030351671,none,0.3923285
5,34,0,0,0,0,0.888612269797042,0,0,0,0,0,0.843503206766359,0,0,0,0,0,628.453627608347,none,0.5608424
5,39,0.164500319624973,0.155207076799357,0.174977334542158,0.164500319624973,0.924688844499078,0.0896215463199443,0.181711606096131,0.186972255729795,0.176738882554162,0.181711606096131,0.919560540872772,0.0999355254674404,2487,0.1102989474,2,260.977733898051,320.059249598716,moderate,0.4723945
5,44,0,0,0,0,0.91084671822328,0,0.0713211600429646,0.050640634533252,0.120551924473493,0.0713211600429646,0.914277215942891,0.0369792826910225,3278,0.1453799556,2,301.855455893573,400.487367576244,moderate,0.3833783
6,11,0,0,0,0,0.940015718260796,0,0,0,0,0,0.939845791117059,0,2470,0.109544994,1,373.466221081072,347.703659711075,moderate,0.3556444
6,21,0,0,0,0,0.960495443880613,0,0,0,0,0,0.938105891126025,0,0,0,0,0,397.576757624398,none,0.4519677
6,26,0,0,0,0,0.916380740669147,0,0,0,0,0,0.882923371832665,0,0,0,0,0,497.73397271268,none,0.3956115
6,29,0,0,0,0,0.889438820521255,0,0,0,0,0,0.831152713189886,0,0,0,0,0,534.963828250401,none,0.4576855
6,31,0,0,0,0,0.849792812587557,0,0,0,0,0,0.796838364325424,0,0,0,0,0,552.329133226324,none,0.4228891
6,33,0,0,0,0,0.876946907685311,0,0,0,0,0,0.809529899954525,0,0,0,0,0,591.293138041734,none,0.5217687
6,36,0,0,0,0,0.884264635078875,0,0,0,0,0,0.822339913336543,0,0,0,0,0,591.532295345104,none,0.4873987
6,41,0.276485788113695,0.273784601070016,0.279240806642942,0.276485788113695,0.903310364312734,0.160419790104948,0.260443527591542,0.352407536636427,0.206543967280164,0.260443527591542,0.864948437426423,0.149718351615772,4299,0.1906615098,2,345.488476493915,528.009285714286,moderate,0.4421742
6,46,0,0,0,0,0.936089258142784,0,0,0,0,0,0.931108006764208,0,0,0,0,0,470.95974317817,none,0.4040089
6,51,0,0,0,0,0.930819078755327,0,0,0,0,0,0.94160001556814,0,2531,0.1122503562,2,264.27801227645,416.997158908507,moderate,0.4303791
7,30,0,0,0,0,0.982994803967879,0,0,0,0,0,0.989076523382145,0,0,0,0,0,407.145120385233,none,0.3969599
7,32,0,0,0,0,0.942495555258177,0,0,0,0,0,0.927565046167963,0,0,0,0,0,432.094684705343,none,0.4941218
7,34,0,0,0,0,0.93583630923656,0,0,0,0,0,0.941357011871441,0,0,0,0,0,435.424695024077,none,0.3883683
7,37,0,0,0,0,0.992988879584007,0,NaN,NaN,NaN,NaN,1,NaN,0,0,0,0,438.226252006421,none,0.4498512
8,14,0,0,0,0,0.99256644111013,0,NaN,0,NaN,NaN,0.996724526821614,NaN,1708,0.0757501416,1,310.560905144882,360.583988764045,moderate,0.4900102
8,19,0,0,0,0,0.943145706249772,0,0,0,0,0,0.942670855097344,0,0,0,0,0,381.045914927769,none,0.3994508
8,24,0,0,0,0,0.942294613117556,0,0,0,0,0,0.952635892785519,0,0,0,0,0,380.785016051364,none,0.435321
8,27,0,0,0,0,0.975636646243381,0,0,0,0,0,0.933542988306313,0,1095,0.048563469,1,248.662279327445,339.407696629213,mild,0.4177414
8,29,0,0,0,0,0.984594213000197,0,0,0,0,0,0.942755526960127,0,0,0,0,0,331.474093097913,none,0.4215897
8,31,0,0,0,0,0.963506545021817,0,0,0,0,0,0.908405755291912,0,0,0,0,0,354.319309791332,none,0.3662979
8,34,0,0,0,0,0.976152623211447,0,0,0,0,0,0.9574767465234,0,0,0,0,0,403.675786516854,none,0.3947274
8,44,0,0,0,0,0.96361821086262,0,0.039918533604888,0.0319218241042345,0.0532608695652174,0.039918533604888,0.952935303514377,0.0203657522859518,1535,0.068077557,1,294.413039251597,361.916436597111,moderate,0.3794071
9,21,0,0,0,0,0.980529131985731,0,0,0,0,0,0.988406658739596,0,0,0,0,0,353.788194221509,none,0.3937765
9,26,0,0,0,0,0.987118340927479,0,0,0,0,0,0.988970744794106,0,954,0.0423100908,1,232.101014103548,351.120192616372,mild,0.3777052
9,29,0.111111111111111,0.0858806404657933,0.157333333333333,0.111111111111111,0.957215373459028,0.0588235294117647,0.204718112754898,0.186317321688501,0.22715173025732,0.204718112754898,0.954926577229877,0.114031180400891,1374,0.0609371748,1,278.545545108514,324.592367576244,moderate,0.3582178
9,31,0,0,0,0,0.985899203772074,0,0,0,0,0,0.958542769449758,0,0,0,0,0,283.513839486356,none,0.3745156
9,33,0,0,0,0,0.986061120154061,0,0,0,0,0,0.953804534721108,0,0,0,0,0,300.269759229534,none,0.3775901
9,36,0,0,0,0,0.982565751694039,0,0,0,0,0,0.939496956471804,0,0,0,0,0,350.700890850722,none,0.3494816
9,51,0,0,0,0,0.997992529159149,0,0,0,0,0,0.997128554366884,0,0,0,0,0,302.308290529695,none,0.4016735
10,21,0,0,0,0,0.971046861873246,0,0,0,0,0,0.941950289941192,0,0,0,0,0,391.907383627608,none,0.40781
10,26,0,0,0,0,0.93671553633583,0,0,0,0,0,0.915023028513167,0,0,0,0,0,393.873443017656,none,0.5024368
10,29,0,0,0,0,0.909208930493159,0,0,0,0,0,0.864044003348081,0,0,0,0,0,386.152078651685,none,0.4605241
10,31,0,0,0,0,0.884653890160183,0,0,0,0,0,0.833381006864989,0,0,0,0,0,341.479357945425,none,0.4494839
10,33,0,0,0,0,0.842025671289466,0,0,0,0,0,0.83759958689879,0,0,0,0,0,328.077231139647,none,0.4025057
10,36,0,0,0,0,0.884194753974131,0,0,0,0,0,0.88386752320755,0,0,0,0,0,392.572054574639,none,0.3985407
10,41,0,0,0,0,0.871755959485728,0,0,0,0,0,0.883691982402892,0,0,0,0,0,408.467215088283,none,0.4488516
10,46,0,0,0,0,0.932720783658592,0,0,0,0,0,0.951230161743489,0,0,0,0,0,379.474309791332,none,0.4339617
10,51,0,0,0,0,0.970130282809024,0,0,0,0,0,0.936070066730219,0,0,0,0,0,340.845746388443,none,0.3622448
