thicknessRatio,areaPx,heightPx
0.14428775905822,209,14
0.133981490554061,115,13
0.0927564165374269,214,9
0.159925544257882,1384,17
0.169332929214228,249,18
0.169332929214228,851,18
0.475712564894387,207,29
0.0164038815480823,1,1
0.180442697028905,45,11
0.606943617279045,313,37
0.262462104769317,50,16
0.656155261923292,555,40
0.328077630961646,100,20
0.721770788115621,1794,44
0.328077630961646,66,20
0.295269867865481,103,18
0.344481512509728,77,21
0.278865986317399,377,17
0.278865986317399,418,17
0.2107136579658,230,15
0.2107136579658,611,15
0.12642819477948,47,9
0.18261850357036,65,13
0.15452334917492,42,11
1.03952071263128,8891,74
0.25285638955896,71,18
0.30904669834984,119,22
0.15452334917492,47,11
0.26690396675668,113,19
0.22476123516352,90,16
0.19666608076808,99,14
0.2107136579658,94,15
0.589536365943557,3082,62
0.142629765954086,54,15
1.22661598720514,8196,129
0.541993110625528,3175,57
0.18066437020851,211,19
0.901087539395932,7018,101
0.107059905670804,90,12
1.15089398596114,7483,129
0.124903223282604,439,14
0.579907822383521,6621,65
0.155030504693423,144,17
1.29496068626271,17321,142
0.12767218033576,80,14
0.221833371354247,434,24
0.30502088561209,1225,33
0.203347257074727,199,22
0.30502088561209,492,33
0.656257056922981,4853,71
0.203347257074727,245,22
0.147888914236165,80,16
0.157131971375925,123,17
0.177242451460126,139,18
0.128008437165646,115,13
0.187769972757314,310,21
0.268242818224734,989,30
0.214594254579787,506,24
0.0804728454674202,142,9
0.18509144209408,143,21
0.37018288418816,831,42
0.0088138781949562,1,1
0.299671858628511,918,34
0.158649807509212,250,18
0.202719198483993,728,23
0.183116880578961,903,21
0.183116880578961,218,21
0.217996286403525,761,25
0.26159554368423,790,30
0.35930431105951,635,38
0.160741402316096,294,17
0.265980411897093,1110,29
0.241903297133155,382,28
0.129591052035619,207,15
0.103672841628495,256,12
0.259980803263434,1592,30
0.326880642679423,144,18
0.399520785497072,323,22
0.507168643341077,899,24
0.348098734316868,395,32
0.467757674238292,911,43
0.228439794395445,460,21
0.217565182867925,352,20
0.239321701154718,341,22
0.277899891377456,314,25
0.211203917446866,710,19
0.142065743019229,140,14
0.273983932965656,193,27
0.0101475530728021,1,1
0.142065743019229,140,14
0.273983932965656,217,27
0.324721698329666,861,32
0.114854692121894,287,12
0.16271081383935,432,17
0.181853262526333,203,19
0.181853262526333,158,19
0.16271081383935,192,17
0.172282038182842,187,18
0.220138159900298,295,23
0.133997140808877,217,14
0.0989226184989857,93,11
0.188852271679882,289,21
0.107915583817075,81,12
0.314753786133136,889,35
0.152880410407523,128,17
0.125901514453255,115,14
0.341732682087405,491,38
0.23381709827033,362,26
0.215831167634151,227,24
0.206838202316061,204,23
0.23381709827033,382,26
0.215831167634151,189,24
0.251803028906509,231,28
0.23381709827033,232,26
0.174820405382365,80,18
0.369065300251659,936,38
0.106834692178112,80,11
0.116546936921577,65,12
0.203957139612759,116,21
0.262230608073547,122,27
1.04892243229419,5574,108
0.202576483528699,553,21
0.106111491372176,41,11
0.202576483528699,82,21
0.356920470979137,479,37
0.135050989019133,79,14
0.405152967057399,1121,42
0.154343987450438,121,16
0.482324960782617,404,50
1.16722640509393,6818,121
0.00964649921565235,1,1
0.173636985881742,114,18
0.173636985881742,195,18
0.221869481960004,319,23
0.202576483528699,996,21
0.00964649921565235,3,1
0.461633039468384,1026,48
0.153877679822795,90,16
0.125025614856021,58,13
0.336607424612363,321,35
0.538571879379781,1155,56
0.163495034811719,83,17
0.884796658981069,2833,92
0.721301624169349,1169,75
0.471250394457308,629,49
0.278903294678815,392,29
0.250051229712041,237,26
0.53894330163908,1031,54
0.24951078779587,422,25
0.339334671402384,501,34
0.229549924772201,329,23
0.0898238836065133,62,9
0.119765178142018,75,12
0.24951078779587,363,25
0.119765178142018,56,12
0.0798434520946785,43,8
0.0898238836065133,149,9
0.257848198393604,859,23
0.245197678525813,842,22
0.167180235358509,624,15
0.22676679535855,137,20
0.204090115822695,86,18
0.22676679535855,144,20
0.204090115822695,97,18
0.376328665417162,5658,38
0.386748678033991,2216,38
0.315505500501414,1293,31
0.183196742226628,133,18
0.457991855566569,1963,45
0.183196742226628,92,18
0.33586069408215,2317,33
0.37753332333492,1514,45
0.671170352595413,1324,80
0.679559982002856,4040,81
0.461429617409346,818,55
0.37753332333492,556,45
0.134234070519083,71,16
0.276857770445608,269,33
0.12584444111164,71,15
0.746677017262397,1036,89
0.494988135039117,596,59
0.0922859234818693,38,11
0.352364435112592,472,42
0.453039988001904,660,54
0.25168888222328,1370,30
0.117454811704197,43,14
0.457158946031021,2524,46
0.377653042373452,441,38
1.40129155196465,8547,141
0.725491370875316,2833,73
0.576417801517375,474,58
0.208702997101118,199,21
0.188826521186726,124,19
0.228579473015511,112,23
0.0993823795719612,42,10
0.467097183988217,1630,47
0.159011807315138,91,16
0.109320617529157,64,11
0.198764759143922,114,20
0.284332751653148,1212,30
0.350677060372216,299,37
0.587621020083173,1523,62
0.843520496571006,2367,89
1.50696358376168,7328,159
0.682398603967555,464,72
0.521276711364105,1160,55
0.417021369091284,369,44
0.236943959710957,152,25
0.445454644256598,363,47
0.426499127479722,604,45
0.27485499326471,172,29
0.360154818760654,1150,38
0.132688617438136,44,14
0.142166375826574,76,15
0.268766075756395,796,27
0.298628973062661,455,30
0.497714955104435,848,50
1.44337336980286,7154,145
1.29405888327153,2823,130
0.398171964083548,324,40
0.497714955104435,744,50
0.696800937146208,911,70
0.238903178450129,900,24
0.218994580245951,287,22
0.284719748701472,533,30
0.19930382409103,149,21
0.446060939632306,607,47
0.180322507510932,56,19
0.161341190930834,148,17
0.996519120455152,1425,105
0.351154356731815,398,37
0.968047145585004,2289,102
0.113887899480589,47,12
0.455551597922355,525,48
0.332173040151717,155,35
0.446060939632306,617,47
0.379626331601963,497,40
0.227775798961178,197,24
0.227775798961178,371,24
0.33086853104586,785,28
0.413585663807325,352,35
0.460852596813876,1006,39
0.319051797794222,832,27
0.293270819732262,342,25
0.269809154153681,203,23
0.340194150889424,558,29
0.199424157417938,115,17
0.159152198929963,354,13
0.119493088802561,113,11
0.184671137240322,301,17
0.184671137240322,427,17
0.228123169532162,422,21
0.184671137240322,347,17
0.260712193751043,210,24
0.184671137240322,352,17
0.235108477596348,287,24
0.254700850729377,370,26
0.30368178356195,385,31
0.274293223862406,336,28
0.411439835793609,761,42
0.274293223862406,442,28
0.372255089527551,573,38
0.254700850729377,941,26
0.0881656790986306,73,9
0.117554238798174,272,12
0.235108477596348,643,24
0.10775805223166,108,11
0.250230062624377,331,27
0.185355601943983,253,20
0.259497842721576,352,28
0.240962282527178,169,26
0.287301183013173,1030,31
0.222426722332779,232,24
0.417050104373961,638,45
0.518995685443152,867,56
0.00926778009719914,1,1
0.611673486415143,1360,66
0.556066805831948,653,60
0.454121224762758,439,49
0.352175643693567,1069,38
0.177507551318209,293,20
0.292887459675044,789,33
0.390516612900059,2111,44
0.381641235334149,377,43
0.541398031520536,1194,61
0.639027184745551,2044,72
0.488145766125074,1060,55
0.426018123163701,739,48
0.221884439147761,1579,25
0.226232351157599,171,26
0.382854748112861,1237,44
0.348049771011691,590,40
0.574282122169291,3122,66
0.652593320646922,2216,75
0.313244793910522,374,36
0.400257236663445,534,46
0.217531106882307,415,25
0.229805290579859,887,27
0.187248755287292,217,22
0.195760062345806,202,23
0.263850518813912,576,31
0.306407054106479,454,36
0.161714834111753,143,19
0.289384439989452,259,34
0.451099274101205,598,53
0.187248755287292,138,22
0.212782676462832,197,25
0.212782676462832,258,25
0.485144502335258,3709,57
0.153203527053239,535,18
0.203510786873421,377,21
0.36825761434238,394,38
0.397330583895726,420,41
0.339184644789034,368,35
0.329493654937919,389,34
0.358566624491265,318,37
0.377948604193495,414,39
0.474858502704648,474,49
0.348875634640149,1061,36
0.354295967690075,1907,31
0.377153772057177,772,33
0.27429365240522,383,24
0.148575728386161,415,13
0.191820743755163,1024,16
0.223281447404239,864,20
0.274271199968891,440,25
0.669221727924094,2476,61
0.142621023983823,52,13
0.0658250879925338,40,6
0.659202262109656,3324,60
0.066207374939262,24,6
0.176552999838032,178,16
0.066207374939262,26,6
0.132414749878524,132,12
0.17836995988442,212,16
0.450892448472238,3113,43
0.132065544915775,208,13
0.172701097197552,175,17
0.26413108983155,468,26
0.314925530183771,280,31
0.396196634747324,1536,39
0.132065544915775,76,13
0.0914299926339979,61,9
0.162542209127107,229,16
0.121906656845331,276,12
0.128456350308605,101,12
0.192684525462908,295,18
0.24620800475816,756,23
0.0963422627314538,97,9
0.117751654449555,99,11
0.120394171978148,59,11
0.240788343956295,335,22
0.218898494505723,315,20
0.131339096703434,153,12
0.206497440282517,608,19
0.336916876250423,1320,31
0.0978145769759293,96,9
0.177292343719588,241,16
0.265938515579382,984,24
0.132969257789691,80,12
0.126704346177485,287,11
0.582189411321345,917,27
0.199211470829264,605,17
0.0756652060263135,39,6
0.0756652060263135,30,6
0.239606485749993,364,19
0.163941279723679,88,13
0.100886941368418,229,8
0.0739606313547197,34,6
0.0986141751396262,84,8
0.197228350279252,267,16
0.0986141751396262,44,8
0.0862874032471729,55,7
0.147921262709439,150,12
0.10981626853039,43,9
0.195228921831804,242,16
0.0976144609159018,48,8
0.195228921831804,129,16
0.15862349898834,146,13
0.0746872637516729,30,6
0.112030895627509,56,9
0.149374527503346,73,12
0.174270282087237,324,14
0.112030895627509,43,9
0.0995830183355639,45,8
0.211613913963073,188,17
0.123453980429929,79,9
0.151570762251793,194,14
0.27066207544963,699,25
0.216529660359704,520,20
0.403053840909764,2065,44
0.357252268079109,1070,39
0.137404718491965,201,15
0.192366605888751,264,21
0.180025535892627,50,20
0.369052348579885,1482,41
0.234033196660415,163,26
0.279039580633571,419,31
0.279039580633571,185,31
0.261037027044309,412,29
0.261037027044309,490,29
0.216030643071152,148,24
0.234033196660415,537,26
0.153021705508733,127,17
0.144020428714101,112,16
0.243034473455046,1190,27
0.118105511898334,166,13
0.272551181303847,203,30
0.254381102550258,135,28
0.490592126346925,4226,54
0.254381102550258,959,28
0.263466141927053,768,29
0.109020472521539,308,12
0.626390358217744,5524,70
0.152123372710024,73,17
0.143174939021199,101,16
0.205813974842973,349,23
0.214762408531798,455,24
0.340040480175347,1829,38
0.205813974842973,886,23
0.152123372710024,298,17
0.34103109760927,1461,38
0.134617538529975,62,15
0.170515548804635,122,19
0.385903610452594,997,43
0.520521148982569,3152,58
0.00897450256866499,1,1
0.30513308733461,1119,34
0.19743905651063,542,22
0.572136665895692,3750,64
0.196671978901644,139,22
0.375464686994048,737,42
0.384404322398668,2386,43
0.107275624855442,164,12
0.116215260260063,345,13
0.343527254582101,571,36
0.343527254582101,365,36
0.458036339442801,2608,48
0.183436308320752,88,18
0.132481778231654,110,13
0.173245402302933,141,17
0.214009026374211,567,21
0.214009026374211,598,21
