subject,bscan,falsePositivePx,falseFractionOfROI,components
2,11,2162,0.0419903666873835,3
2,16,2355,0.0427497821667151,7
2,21,486,0.00847575863271713,6
2,36,3463,0.0643823901241913,5
3,11,2229,0.0480906148867314,4
3,41,85,0.00166304709358064,1
3,51,768,0.0161837530291855,2
4,37,3437,0.0625648493674342,9
6,16,139,0.00286911470266477,2
7,12,3031,0.0742582747384668,4
7,17,887,0.0208406757360024,2
7,22,661,0.0140956199087303,3
7,27,2291,0.0470469853786759,3
7,42,2459,0.0540653445319027,3
7,47,4138,0.098556661744391,3
7,52,1388,0.0343131195767719,1
8,9,4696,0.103068346429042,2
8,49,0,0,1
10,11,6121,0.119173708188933,5
