subject,bscan,diceA,precA,recA,f1A,accA,jacA,diceB,precB,recB,f1B,accB,jacB,areaPx,areaMm2,cystCount,meanDiamUm,cstUm,grade,timeSec,gradeTertile
1,11,0.165396088829964,0.0907933042212518,0.927509293680297,0.165396088829964,0.908331361377578,0.0901535682023487,0.11336170212766,0.060589519650655,0.878627968337731,0.11336170212766,0.90518229972514,0.0600866113316492,8952,0.3970229904,3,408.96760233235,430.852752808989,severe,0.4532386,severe
1,16,0.411024157876829,0.286120322122217,0.729468599033816,0.411024157876829,0.915219094886698,0.258672376873662,0.420252189816152,0.344702352755408,0.538214990138067,0.420252189816152,0.901668516946385,0.26602485985864,9305,0.412678611,6,268.542134196352,481.768410914928,severe,0.4766539,severe
1,21,0,0,0,0,0.98006139823401,0,0,0,0,0,0.960470930784568,0,1834,0.0813382668,3,166.395498335936,211.672849117175,moderate,0.4117249,mild
1,26,0.216099664590321,0.169421487603306,0.298280423280423,0.216099664590321,0.913184218206904,0.121138866505506,0.217746136482028,0.235537190082645,0.202453987730061,0.217746136482028,0.880469102390618,0.122174590802806,4675,0.207337185,8,167.646268059946,174.724598715891,severe,0.4092923,mild
1,29,0.666623198800287,0.7368117613145,0.608643886176926,0.666623198800287,0.913627379765866,0.499951100244499,0.628800988875155,0.733208417411358,0.550421986582991,0.628800988875155,0.898542155852493,0.45857748129451,6938,0.3077016876,3,281.807025217196,452.082338913093,severe,0.4032085,moderate
1,31,0.628018014967322,0.835405405405405,0.503119743909717,0.628018014967323,0.837319511292114,0.457745088360154,0.608151355421687,0.582072072072072,0.636677177769019,0.608151355421687,0.876697519437245,0.436937850814905,11100,0.49228722,3,383.024717543259,542.018105939005,severe,0.4179514,severe
1,33,0.73386227838182,0.907351338258447,0.616067757585725,0.73386227838182,0.914799542169052,0.579606993656197,0.761372153358317,0.79968511565944,0.7265625,0.761372153358317,0.935104031107418,0.614690001861851,9589,0.4252740678,2,478.543729300265,414.67702247191,severe,0.4537865,severe
1,36,0.67000469410108,0.834535178327811,0.559665403215266,0.67000469410108,0.93382906626506,0.503764705882353,0.640258370682837,0.946599103488599,0.483716761278757,0.640258370682837,0.91437625502008,0.470867668444014,5982,0.2653028964,3,282.42564508177,535.308587479936,severe,0.4217628,moderate
1,41,0.0308797127468582,0.0169893322797313,0.169291338582677,0.0308797127468582,0.952241922355523,0.0156819839533187,0.00995732574679943,0.00553141050967997,0.0498220640569395,0.00995732574679943,0.950737870262236,0.0050035739814153,4162,0.1845855324,4,210.127385648597,434.686516853933,moderate,0.4431004,mild
2,26,0.579779587925252,0.543331836551414,0.621468926553672,0.579779587925252,0.970931870535788,0.408232118758435,0.650077760497667,0.656937584193983,0.643359718557608,0.650077760497667,0.973898344409274,0.481566820276498,4853,0.2152315206,7,181.651775361591,394.106388443018,severe,0.4143661,mild
2,29,0.384716386554622,0.308746048472076,0.510275165447579,0.384716386554622,0.920946082731628,0.238172654852869,0.165118679050568,0.101159114857745,0.449017773620206,0.165118679050568,0.918111883392941,0.0899887514060742,7260,0.321982452,8,211.989266960247,323.433852327448,severe,0.4446364,moderate
2,31,0.342883656188377,0.248445116826357,0.55314371257485,0.342883656188377,0.903636796625162,0.206915861682766,0.374116367591082,0.289124222558413,0.529882932840419,0.374116367591082,0.902105871946656,0.230100334448161,9191,0.4076226882,7,263.285975564998,324.551990369181,severe,0.4547682,severe
2,33,0.300820767322008,0.182830626450116,0.848223896663079,0.300820767322008,0.935981684085428,0.177038867670186,0.376632545005295,0.247563805104408,0.786873156342183,0.376632545005295,0.93827117340697,0.232006958034355,6314,0.2800271628,8,185.10584773196,334.680457463884,severe,0.4268155,moderate
2,41,0.236887808266759,0.192764273600904,0.307207207207207,0.236887808266759,0.964560514896843,0.134357762017336,0,0,0,0,0.970399883857855,0,3433,0.1522542366,6,163.062590831694,455.489060995184,moderate,0.379867,mild
2,46,0.509383378016086,0.4091888011486,0.674556213017751,0.509383378016086,0.981660263905128,0.341726618705036,0.590843373493976,0.440057430007179,0.898826979472141,0.590843373493976,0.985819275096041,0.419288645690834,3589,0.1591728678,4,215.954224992501,419.922953451043,moderate,0.4363149,mild
2,51,0.022422109242602,0.0141470636617865,0.0540201005025126,0.022422109242602,0.879894934093566,0.0113381674357284,0.0481058328322309,0.0329001480506662,0.0894454382826476,0.0481058328322309,0.87323221807582,0.0246457178065311,7189,0.3188335878,5,247.843885006988,367.752495987159,severe,0.4172394,moderate
3,21,NaN,NaN,NaN,NaN,1,NaN,NaN,NaN,NaN,NaN,1,NaN,399,0.0176957298,1,150.102974501868,224.46,mild,0.4004401,mild
3,26,0,0,0,0,0.999155308120561,0,0,0,0,0,0.983643693607218,0,201,0.0089143902,1,106.537102081104,204.602178972713,mild,0.3749237,mild
3,29,0.437544107268878,0.317785750896976,0.702151755379388,0.437544107268878,0.938324627587541,0.28003613369467,0.42188679245283,0.286519733470015,0.799713876967096,0.42188679245283,0.940723544205842,0.267336202773792,4953,0.2196665406,4,245.740543527926,394.786589085072,severe,0.4366256,mild
3,31,0.202996789154477,0.11581518420517,0.821067821067821,0.202996789154477,0.912713917324373,0.112964065912249,0.189110707803993,0.106045186240586,0.872696817420435,0.189110707803993,0.912713917324373,0.104429745439968,6574,0.2915582148,4,254.837409567988,357.605393258427,severe,0.4040757,moderate
3,33,0,0,0,0,0.980217912062437,0,0,0,0,0,0.975678077428329,0,417,0.0184940334,1,153.451408160801,309.665224719101,mild,0.411788,mild
4,12,0.109970339949806,0.0668145273080122,0.310567010309278,0.109970339949806,0.868690778733359,0.058184451955577,0.207509442346145,0.129470474078181,0.522371364653244,0.207509442346145,0.87993335240756,0.115765989092712,9151,0.4058486802,4,314.183833660002,446.034582664527,severe,0.4317505,severe
4,17,0.348839841539332,0.219797461132506,0.84484649122807,0.348839841539332,0.902883284378271,0.211269536605429,0.488955447397978,0.372557409784624,0.711135311734277,0.488955447397978,0.907829433809379,0.323587710604559,9242,0.4098845484,3,411.37280593957,466.176597110754,severe,0.3974964,severe
4,22,0.487964392769552,0.364945652173913,0.736092080021924,0.487964392769552,0.913461981301524,0.322720173014538,0.485368708544674,0.422554347826087,0.570119156736939,0.485368708544674,0.898754970140776,0.320453374549201,8902,0.3948054804,6,247.261421082866,541.595008025682,severe,0.4063874,severe
4,25,0.628683144812177,0.553207176210371,0.728007761966365,0.628683144812177,0.91429906692666,0.458452138492872,0.757791327913279,0.824649791103465,0.700960935867976,0.757791327913279,0.930865550416579,0.610035451322607,8287,0.3675301074,5,264.281252652407,578.34551364366,severe,0.4433456,severe
4,27,0.588688424893574,0.568742655699177,0.610084033613445,0.588688424893574,0.901632191338074,0.417121516805516,0.580768809549885,0.692388040214127,0.500141469395454,0.580768809549885,0.876276664511959,0.409213673894591,8502,0.3770654004,7,239.860199729519,450.112236872277,severe,0.4348802,severe
4,29,0.516028146989836,0.486965076242007,0.548780487804878,0.516028146989836,0.91213210939718,0.347734457323498,0.625782881002088,0.589768814559764,0.666481378543635,0.625782881002088,0.932147250875367,0.455374097987087,6920,0.306903384,10,173.565302913537,426.178314606742,severe,0.5377789,moderate
4,32,0.449719577409678,0.347230614300101,0.638045891931902,0.449719577409678,0.928946747953788,0.290089180548544,0.466003885270255,0.41067472306143,0.538563127311146,0.466003885270255,0.921300818484961,0.303784266984505,5709,0.2531952918,5,229.409282831826,366.693888443018,severe,0.4249811,moderate
4,42,0.44559585492228,0.401493930905696,0.50058207217695,0.44559585492228,0.979680586414478,0.286666666666667,NaN,0,NaN,NaN,0.979661596308323,NaN,3277,0.1453356054,5,165.631931695032,385.794895666132,moderate,0.4134532,mild
4,47,0.348620210442724,0.245869504340521,0.598908594815825,0.348620210442724,0.936878354720175,0.211108439528733,NaN,0,NaN,NaN,0.9312991785144,NaN,6245,0.276966999,4,266.660003680376,409.417820662484,severe,0.4677033,moderate
5,9,0.128575556197631,0.0689067822855373,0.959051724137931,0.128575556197631,0.885471253892307,0.068704647213216,NaN,0,NaN,NaN,0.877382851067062,NaN,7447,0.3302759394,2,413.670164480431,408.045842696629,severe,0.4160944,moderate
5,14,0.661544554455446,0.599397158030716,0.738069989395546,0.661544554455446,0.928936120673885,0.494259675701266,0.569416498993964,0.487440792306588,0.684539407377545,0.569416498993964,0.9145836451629,0.39803094233474,7412,0.3287236824,6,249.686663027977,488.026878009631,severe,0.4635622,moderate
5,19,0.662769636094187,0.616102862390938,0.717085337609122,0.662769636094187,0.927883514974382,0.495628617165374,0.617104714226116,0.566049288228991,0.678283198826119,0.617104714226116,0.919203479056992,0.446241100518885,7931,0.3517414362,4,268.451204115402,264.253290529695,severe,0.3974252,severe
5,24,0.552871814378091,0.713024282560706,0.451467619195527,0.552871814378091,0.869032365884909,0.382047575239848,0.661192996339895,0.81972038263429,0.554045092838196,0.661192996339895,0.904601414962955,0.493867297177479,8154,0.3616315308,2,467.549661905804,639.624654895666,severe,0.3863881,severe
5,27,0.633308061662876,0.844055237453688,0.506774519716886,0.633308061662876,0.904383782804237,0.463387573964497,0.569723832253665,0.844223644324688,0.429931389365352,0.569723832253665,0.875257409268381,0.398331346841478,5938,0.2633514876,4,231.990655325778,350.640744095391,severe,0.4265478,moderate
5,29,0.662118780096308,0.675883256528418,0.648903745944352,0.662118780096308,0.896059006882079,0.494901019796041,0.60488969450462,0.700563236047107,0.532207873035631,0.60488969450462,0.862096102212758,0.433578400304221,9765,0.433079703,2,522.024471528155,378.893499197432,severe,0.3959817,severe
5,31,0.581004684219028,0.637765957446809,0.533521210323346,0.581004684219028,0.912875543688179,0.409447922595333,0.55393852378777,0.752482269503546,0.438293917174429,0.55393852378777,0.885216719566057,0.383067063814424,5640,0.250135128,4,237.220829188015,282.622849117175,severe,0.4204463,moderate
5,34,0.583552,0.537301119622864,0.638515406162465,0.583552,0.898377348471834,0.411982649557202,0.642073361897795,0.724101355332941,0.576738946775556,0.642073361897795,0.893020568162296,0.472833615514853,8675,0.384737985,3,327.714875939501,616.85136521078,severe,0.4213876,severe
5,39,0.264002517306482,0.201392222755641,0.38310502283105,0.264002517306482,0.906248747444787,0.152075403298894,0.370001555935895,0.285405664906385,0.525873507297656,0.370001555935896,0.918854463104734,0.226995036273387,5827,0.2584286154,5,223.842320965857,293.957455858748,severe,0.4259176,moderate
5,44,0.177529708318329,0.11369926199262,0.404761904761905,0.177529708318329,0.907579007000364,0.0974115787393796,0.312970418344127,0.206180811808118,0.649237472766884,0.312970418344127,0.92058835430745,0.185515667150861,6633,0.2941748766,6,244.027312161658,387.405713282504,severe,0.4877099,moderate
6,11,0.124656997255978,0.0669755686604886,0.898305084745763,0.124656997255978,0.903783178214409,0.0664715719063545,0.123287671232877,0.0663437236731255,0.870165745856354,0.123287671232877,0.903481558083419,0.0656934306569343,6699,0.2971019898,4,277.225073324578,351.846982343499,severe,0.430842,moderate
6,21,0.502903225806452,0.387040714995035,0.717771639042357,0.502903225806452,0.943341422163394,0.335918982977806,0.615529538420132,0.567775571002979,0.67205406993829,0.615529538420132,0.947477755717332,0.444595645412131,5349,0.2372292198,5,224.751813927,401.881589085072,severe,0.4886269,mild
6,26,0.610121836925961,0.513069749113359,0.752456174147563,0.610121836925961,0.919055649241147,0.438975050573162,0.757341576506955,0.740181268882175,0.775316455696203,0.757341576506955,0.941448307173434,0.609452736318408,8641,0.3832300782,4,302.171374319092,502.801829855538,severe,0.4932781,severe
6,29,0.709250243427459,0.681937336162776,0.738842304571274,0.709250243427459,0.932347521372685,0.549487024743512,0.722892814588406,0.870927474722257,0.617871059156925,0.722892814588406,0.919206718424312,0.566039266590946,8237,0.3653125974,3,309.564983258978,540.417857142857,severe,0.4072771,severe
6,31,0.68112983622122,0.659435609890615,0.704300019634793,0.68112983622122,0.90013529385528,0.516449499676049,0.759166125892278,0.86028127585256,0.679320606808449,0.759166125892278,0.911717042565528,0.611819310976008,11039,0.4895818578,2,439.419026272654,558.547223113965,severe,0.4012917,severe
6,33,0.698741436992194,0.646775462052694,0.759787504330754,0.698741436992194,0.919290358377556,0.536973555337904,0.733913043478261,0.850471883602045,0.645452510631948,0.733913043478261,0.910754172061062,0.57967032967033,10318,0.4576053636,2,424.344181964538,597.706902086677,severe,0.3883653,severe
6,36,0.608957622012452,0.672383205204021,0.556466413801542,0.608957622012452,0.91635999140832,0.437770719029743,0.586639047125842,0.837374334713187,0.451458632233381,0.586639047125842,0.885702011885158,0.415066686208413,7176,0.3182570352,3,332.382789657265,596.31544141252,severe,0.3842068,moderate
6,41,0.472209949633295,0.376232047310617,0.633926453143535,0.472209949633295,0.905529370828457,0.30908039329092,0.635450578375009,0.645874401577021,0.625357873210634,0.635450578375009,0.916758928288995,0.465685279187817,7102,0.3149751204,2,384.475976989777,534.659446227929,severe,0.3971567,moderate
6,46,0.59766911578414,0.534072900158479,0.678458441184929,0.59766911578414,0.941328604152812,0.426196928635953,0.616533986527863,0.569843785374689,0.671558164354322,0.616533986527863,0.94215990541639,0.44564447592068,6617,0.2934652734,3,344.798035525737,478.824827812637,severe,0.360086,moderate
6,51,0.1875,0.111191860465116,0.59765625,0.1875,0.896537598751585,0.103448275862069,0.099765651155005,0.0541424418604651,0.634042553191489,0.099765651155005,0.895094118794499,0.0525017618040874,7603,0.3371945706,5,262.173613854197,419.012913322632,severe,0.4050924,moderate
7,30,0.505346776657501,0.34329597343296,0.957175925925926,0.505346776657501,0.966756329438821,0.338103025347506,0.374493927125506,0.230386052303861,1,0.374493927125506,0.961930966509928,0.230386052303861,4583,0.2032569666,5,195.915656191438,386.965834670947,severe,0.4112508,mild
7,32,0.713311121688085,0.682245827010622,0.747340425531915,0.713311121688085,0.963668167926653,0.554377311960543,0.71682665160926,0.770561456752656,0.670097651095276,0.71682665160926,0.959667041981663,0.558635863586359,5476,0.2428616952,5,211.791902871675,395.118924558588,severe,0.4001845,mild
7,34,0.849905003166561,0.897058823529412,0.807460890493381,0.849905003166561,0.981265562625983,0.738986784140969,0.821558872305141,0.827874331550802,0.815339038841343,0.821558872305141,0.978736018339196,0.697157331832254,4933,0.2187795366,4,223.895324522219,417.804703049759,severe,0.4162444,mild
7,37,0.310320284697509,0.208612440191388,0.605555555555556,0.310320284697509,0.980361558104657,0.183656276326874,NaN,0,NaN,NaN,0.978821288152081,NaN,3136,0.1390822272,2,262.080623231273,414.695658105939,moderate,0.39595,mild
8,14,0.0482340127586743,0.0249396621078037,0.731132075471698,0.0482340127586743,0.877630631351524,0.0247130102040816,NaN,0,NaN,NaN,0.875670160838601,NaN,9181,0.4071791862,7,245.328276003688,361.733186195827,severe,0.4792273,severe
8,19,0.790107799619531,0.779968701095462,0.80051397365885,0.790107799619531,0.975334401430754,0.653039832285115,0.697821281970319,0.69170579029734,0.704045874482319,0.697821281970319,0.96434293379038,0.535887487875849,4188,0.1857386376,5,194.952848280554,380.123451043339,moderate,0.4610918,mild
8,24,0.747049924357035,0.747955165101484,0.746146872166818,0.747049924357035,0.97006266786034,0.596232794011108,0.708326408509224,0.645561950923962,0.78460972017673,0.708326408509224,0.96857654431513,0.548378795676788,3361,0.1490610222,2,266.490075444695,378.287841091493,moderate,0.4225977,mild
8,27,0.278195488721804,0.171237572848817,0.741097922848665,0.278195488721804,0.901777255674713,0.161572052401747,0.478183156345284,0.389784024682893,0.61843894479195,0.478183156345284,0.905964606464815,0.314218598866934,5834,0.2587390668,5,238.053597638094,276.083812199037,severe,0.3963339,moderate
8,29,0.25200062764789,0.145708582834331,0.931554524361949,0.252000627647889,0.909640609598908,0.144165170556553,0.567765994639319,0.442025040827436,0.793485342019544,0.56776599463932,0.929695200545909,0.396419853539463,5938,0.2633514876,5,244.706841788988,256.332110754414,severe,0.4307998,moderate
8,31,0.430820215410108,0.288514888108008,0.850136239782016,0.430820215410108,0.923175845680738,0.27455121436114,0.526665994555903,0.483077492139819,0.578900709219858,0.526665994555903,0.912496505451496,0.357465444094704,5771,0.2559450042,5,239.246576812335,290.321436597111,severe,0.3929107,moderate
8,34,0.510170195101702,0.349843438656419,0.94176245210728,0.510170195101702,0.956739317727714,0.342435218723878,0.586643835616438,0.487617421007686,0.736140954018049,0.586643835616438,0.955749454658772,0.415071480494306,4975,0.220642245,4,249.618061802501,397.249598715891,severe,0.4360189,mild
8,44,0.162905888827738,0.0967320261437909,0.515679442508711,0.162905888827738,0.969079081114048,0.0886758538046735,0.191020408163265,0.152941176470588,0.254347826086956,0.191020408163265,0.959707257572677,0.105595667870036,1660,0.073621332,4,133.32372105071,355.11132423756,moderate,0.4308954,mild
9,21,NaN,0,NaN,NaN,0.839884369855864,NaN,NaN,0,NaN,NaN,0.839884369855864,NaN,4108,0.1821906216,5,180.679396458775,187.081059390048,moderate,0.4556801,mild
9,26,0.663434903047091,0.570917759237187,0.791735537190083,0.663434903047091,0.988977592306994,0.496373056994819,0.632277081798084,0.511323003575685,0.828185328185328,0.632277081798084,0.988682754241132,0.462284482758621,2499,0.1108311498,3,216.659704909874,325.732247191011,moderate,0.3851168,mild
9,29,0.257879656160458,0.169385194479297,0.54,0.257879656160458,0.945647865320493,0.148026315789474,0.213757816941444,0.157256378084483,0.333629103815439,0.213757816941444,0.935504931564344,0.119669000636537,3780,0.167643756,5,181.928202134262,315.780300963082,moderate,0.4187508,mild
9,31,0.221278102318995,0.124626121635095,0.985804416403785,0.221278102318995,0.897666736455207,0.124402866242038,0.468963512138392,0.321635094715852,0.865343347639485,0.468963512138392,0.915020820247982,0.30630459551842,6036,0.2676978072,5,231.557716606814,277.106376060537,severe,0.3795557,moderate
9,33,0.159564482823353,0.0886709785103276,0.795880149812734,0.159564482823353,0.895017000820729,0.0866993064055488,0.365410599009158,0.253911954934279,0.651498929336188,0.365410599009158,0.900879352796342,0.223548861131521,4934,0.2188238868,3,270.304257295923,303.663663150654,severe,0.408793,mild
9,36,0.330801687763713,0.24332712600869,0.516469038208169,0.330801687763713,0.962954311875175,0.198179979777553,0.328598484848485,0.430788330229671,0.265595101415997,0.328598484848485,0.933756890591423,0.196600566572238,2778,0.1232048556,5,154.168084087074,344.153571428571,moderate,0.4406497,mild
9,51,0,0,0,0,0.997958920036171,0,0,0,0,0,0.997080480558067,0,1146,0.0508253292,2,175.621031938545,299.437367576244,moderate,0.386216,mild
10,21,0.185259229641477,0.114121510673235,0.491861288039632,0.185259229641477,0.884019200485704,0.102085781433608,0.371748878923767,0.272249589490969,0.585865724381625,0.371748878923767,0.893676361773578,0.228311759845773,7637,0.3387024774,3,362.041735919322,425.763671749599,severe,0.4073208,severe
10,26,0.531178489702517,0.547464622641509,0.515833333333333,0.531178489702517,0.945375770704883,0.361635832521908,0.565767079990275,0.686025943396226,0.481381878361605,0.565767079990275,0.940476587235461,0.394473639599932,5790,0.256787658,4,265.942514267914,405.172849117175,severe,0.4001033,moderate
10,29,0.616190725700812,0.57496740547588,0.663781749764817,0.616190725700812,0.927891714520098,0.445285876561908,0.667754522880454,0.766949152542373,0.591280311596934,0.667754522880454,0.923166529942576,0.501224837575887,9187,0.4074452874,2,431.244493091987,403.736869983949,severe,0.403881,severe
10,31,0.493356137350349,0.444470783453834,0.554323725055432,0.493356137350349,0.872582593015369,0.327453719874258,0.583988641328091,0.633756074434041,0.54146835443038,0.583988641328091,0.873972240144259,0.412418048592364,11221,0.4976535942,3,424.370836343192,363.742728731942,severe,0.3920937,severe
10,33,0.580802451936473,0.861185705432762,0.438150289017341,0.580802451936473,0.90240817319387,0.409247079611269,0.565483982087496,0.847758727535633,0.424229894562746,0.565483982087496,0.897721560042163,0.394198443953511,7969,0.3534267438,5,234.772342689441,357.425248796148,severe,0.3903224,severe
10,36,0.611174458380844,0.883143219264892,0.467274678111588,0.611174458380844,0.930657448106493,0.440065681444992,0.637444023424044,0.938149556400507,0.482718142689448,0.637444023424044,0.934145692878037,0.467829604348376,7690,0.341053038,4,290.742543186077,414.001480738363,severe,0.4043342,severe
10,41,0.621609987085665,0.881778212017587,0.479989363116607,0.621609987085665,0.927711437876246,0.450968144909432,0.616399450297755,0.821690278456278,0.493182817768656,0.616399450297755,0.931132603046153,0.445503906767316,8664,0.3842501328,6,214.936804986755,425.458772070626,severe,0.4700711,severe
10,46,0.495049504950495,0.626620570440795,0.409142212189616,0.495049504950495,0.94781872386967,0.328947368421053,0.385418799918083,0.406655142610199,0.366290385363955,0.385418799918083,0.947060172526329,0.23871131405378,6508,0.2886311016,3,340.491116925507,398.751098371933,severe,0.3980205,moderate
10,51,0.446909667194929,0.303952095808383,0.84375,0.446909667194929,0.941739469144733,0.287755102040816,0.538544766026508,0.47688622754491,0.618515066790929,0.538544766026508,0.936712852187784,0.368498982047011,7882,0.3495682764,3,331.393474881132,367.668635634029,severe,0.3666256,severe
