Protocol,Dice,Precision,Recall
"all 78, strict overlap, expert A",0.426009562282386,0.398591268827362,0.604063875172157
"all 78, strict overlap, expert B",0.464657303990151,0.470510560619744,0.556935574609086
"all 78, lesion-local columns",0.589289646101167,0.615856456210623,0.604063875172157
"largest 20 lesions only",0.610330771761552,0.692500218443971,0.569286007356099
"largest 20 + lesion-local",0.647267337812918,0.769642941757015,0.569286007356099
"largest 20 + lesion-local + better grader",0.663059436718161,0.785392025181187,0.583239420202199
"the above + 2 px boundary tolerance",0.759790010086769,0.862555457782625,0.689271999908274
"the above + 3 px boundary tolerance",0.782584078518099,0.887757307374262,0.71110783080894
"the above + 5 px boundary tolerance",0.827191551725431,0.934098656529,0.752512474822271
