subject,bscan,dice,precision,recall
1,11,0.165396088829964,0.0907933042212518,0.927509293680297
1,16,0.411024157876829,0.286120322122217,0.729468599033816
1,21,0,0,0
1,26,0.216099664590321,0.169421487603306,0.298280423280423
1,29,0.666623198800287,0.7368117613145,0.608643886176926
1,31,0.628018014967322,0.835405405405405,0.503119743909717
1,33,0.73386227838182,0.907351338258447,0.616067757585725
1,36,0.67000469410108,0.834535178327811,0.559665403215266
1,41,0.0308797127468582,0.0169893322797313,0.169291338582677
2,26,0.579779587925252,0.543331836551414,0.621468926553672
2,29,0.384716386554622,0.308746048472076,0.510275165447579
2,31,0.342883656188377,0.248445116826357,0.55314371257485
2,33,0.300820767322008,0.182830626450116,0.848223896663079
2,41,0.236887808266759,0.192764273600904,0.307207207207207
2,46,0.509383378016086,0.4091888011486,0.674556213017751
2,51,0.022422109242602,0.0141470636617865,0.0540201005025126
3,21,NaN,NaN,NaN
3,26,0,0,0
3,29,0.437544107268878,0.317785750896976,0.702151755379388
3,31,0.202996789154477,0.11581518420517,0.821067821067821
3,33,0,0,0
4,12,0.109970339949806,0.0668145273080122,0.310567010309278
4,17,0.348839841539332,0.219797461132506,0.84484649122807
4,22,0.487964392769552,0.364945652173913,0.736092080021924
4,25,0.628683144812177,0.553207176210371,0.728007761966365
4,27,0.588688424893574,0.568742655699177,0.610084033613445
4,29,0.516028146989836,0.486965076242007,0.548780487804878
4,32,0.449719577409678,0.347230614300101,0.638045891931902
4,42,0.44559585492228,0.401493930905696,0.50058207217695
4,47,0.348620210442724,0.245869504340521,0.598908594815825
5,9,0.128575556197631,0.0689067822855373,0.959051724137931
5,14,0.661544554455446,0.599397158030716,0.738069989395546
5,19,0.662769636094187,0.616102862390938,0.717085337609122
5,24,0.552871814378091,0.713024282560706,0.451467619195527
5,27,0.633308061662876,0.844055237453688,0.506774519716886
5,29,0.662118780096308,0.675883256528418,0.648903745944352
5,31,0.581004684219028,0.637765957446809,0.533521210323346
5,34,0.583552,0.537301119622864,0.638515406162465
5,39,0.264002517306482,0.201392222755641,0.38310502283105
5,44,0.177529708318329,0.11369926199262,0.404761904761905
6,11,0.124656997255978,0.0669755686604886,0.898305084745763
6,21,0.502903225806452,0.387040714995035,0.717771639042357
6,26,0.610121836925961,0.513069749113359,0.752456174147563
6,29,0.709250243427459,0.681937336162776,0.738842304571274
6,31,0.68112983622122,0.659435609890615,0.704300019634793
6,33,0.698741436992194,0.646775462052694,0.759787504330754
6,36,0.608957622012452,0.672383205204021,0.556466413801542
6,41,0.472209949633295,0.376232047310617,0.633926453143535
6,46,0.59766911578414,0.534072900158479,0.678458441184929
6,51,0.1875,0.111191860465116,0.59765625
7,30,0.505346776657501,0.34329597343296,0.957175925925926
7,32,0.713311121688085,0.682245827010622,0.747340425531915
7,34,0.849905003166561,0.897058823529412,0.807460890493381
7,37,0.310320284697509,0.208612440191388,0.605555555555556
8,14,0.0482340127586743,0.0249396621078037,0.731132075471698
8,19,0.790107799619531,0.779968701095462,0.80051397365885
8,24,0.747049924357035,0.747955165101484,0.746146872166818
8,27,0.278195488721804,0.171237572848817,0.741097922848665
8,29,0.25200062764789,0.145708582834331,0.931554524361949
8,31,0.430820215410108,0.288514888108008,0.850136239782016
8,34,0.510170195101702,0.349843438656419,0.94176245210728
8,44,0.162905888827738,0.0967320261437909,0.515679442508711
9,21,NaN,0,NaN
9,26,0.663434903047091,0.570917759237187,0.791735537190083
9,29,0.257879656160458,0.169385194479297,0.54
9,31,0.221278102318995,0.124626121635095,0.985804416403785
9,33,0.159564482823353,0.0886709785103276,0.795880149812734
9,36,0.330801687763713,0.24332712600869,0.516469038208169
9,51,0,0,0
10,21,0.200958575830195,0.132535561074735,0.415428167020524
10,26,0.521873074553296,0.585753803596127,0.470555555555556
10,29,0.479098931723177,0.625720351835002,0.388146754468485
10,31,0.445100835200652,0.71568948575172,0.322985957132299
10,33,0.0153019023986766,0.471337579617834,0.00777719390436153
10,36,0.488750365247882,0.892564923514763,0.336507510729614
10,41,0.441301552764316,0.861389961389961,0.296636085626911
10,46,0.356288659793814,0.66156202143951,0.243792325056433
10,51,0.465127465127465,0.364355689525245,0.642952127659574
