subject,bscan,expertCystCount,ourCystCount
1,11,3,3
1,16,3,6
1,21,13,3
1,26,13,8
1,29,6,3
1,31,5,3
1,33,6,2
1,36,8,3
1,41,2,4
2,26,4,7
2,29,6,8
2,31,4,7
2,33,2,8
2,41,1,6
2,46,3,4
2,51,1,5
3,21,2,1
3,26,1,1
3,29,3,4
3,31,2,4
3,33,2,1
4,12,5,4
4,17,8,3
4,22,15,6
4,25,7,5
4,27,14,7
4,29,11,10
4,32,12,5
4,42,1,5
4,47,2,4
5,9,4,2
5,14,1,6
5,19,7,4
5,24,15,2
5,27,13,4
5,29,15,2
5,31,10,4
5,34,15,3
5,39,4,5
5,44,4,6
6,11,1,4
6,21,7,5
6,26,13,4
6,29,14,3
6,31,9,2
6,33,8,2
6,36,13,3
6,41,9,2
6,46,5,3
6,51,2,5
7,30,1,5
7,32,5,5
7,34,2,4
7,37,4,2
8,14,1,7
8,19,4,5
8,24,9,2
8,27,6,5
8,29,4,5
8,31,3,5
8,34,4,4
8,44,1,4
9,21,1,5
9,26,1,3
9,29,5,5
9,31,6,5
9,33,5,3
9,36,7,5
9,51,1,2
10,21,3,3
10,26,7,4
10,29,14,2
10,31,7,3
10,33,10,5
10,36,10,4
10,41,7,6
10,46,3,3
10,51,6,3
